FleetName,Description,ExpertGroup
Bottom trawl                                                ,,AFWG
Gillnet                                                     ,,AFWG
Lines and Danish seine (Norway),,AFWG
Longline                                                    ,,AFWG
Other                                                       ,,AFWG
Pelagic trawl                                               ,,AFWG
Purse seine                                                 ,,AFWG
Active                                                      ,,WGBFAS
Gillnet                                                     ,,WGBFAS
Longline                                                    ,,WGBFAS
Passive                                                     ,,WGBFAS
Trapnet                                                     ,,WGBFAS
FPO_CRU_0_0_0_all,,WGBIE
GNS_DEF_>=100_0_0,,WGBIE
GNS_DEF_>=220_0_0_all,,WGBIE
GNS_DEF_>=220_0_0_all_FDF,,WGBIE
GNS_DEF_100-119_0_0_all,,WGBIE
GNS_DEF_120-219_0_0_all,,WGBIE
GNS_DEF_120-219_0_0_all_FDF,,WGBIE
GNS_DEF_60-79_0_0,,WGBIE
GNS_DEF_80-99_0_0,,WGBIE
GNS_DEF_all_0_0_all,,WGBIE
GTR_DEF_60-79_0_0,,WGBIE
GTR_DEF_all_0_0_all,,WGBIE
LLS_DEF_0_0_0,,WGBIE
LLS_DEF_0_0_0_all,,WGBIE
LLS_FIF_0_0_0_all,,WGBIE
MIS_MIS_0_0_0,,WGBIE
MIS_MIS_0_0_0_HC,,WGBIE
MIS_MIS_0_0_0_IBC,,WGBIE
OTB,,WGBIE
OTB_CRU_>=70_0_0,,WGBIE
OTB_CRU_100-119_0_0_all,,WGBIE
OTB_CRU_32-69_0_0_all,,WGBIE
OTB_CRU_32-69_2_22_all,,WGBIE
OTB_CRU_70-89_2_35_all,,WGBIE
OTB_CRU_70-99_0_0_all,,WGBIE
OTB_CRU_90-119_0_0_all,,WGBIE
OTB_CRU_90-119_0_0_all_FDF,,WGBIE
OTB_DEF_>=120_0_0_all,,WGBIE
OTB_DEF_>=120_0_0_all_FDF,,WGBIE
OTB_DEF_>=55_0_0,,WGBIE
OTB_DEF_>=70_0_0,,WGBIE
OTB_DEF_100-119_0_0,,WGBIE
OTB_DEF_100-119_0_0_all,,WGBIE
OTB_DEF_70-99_0_0,,WGBIE
OTB_DEF_70-99_0_0_all,,WGBIE
OTB_MCD_>=55_0_0,,WGBIE
OTB_MCF_>=70_0_0,,WGBIE
OTB_MOL_70-99_0_0_all,,WGBIE
OTB_MPD_>=55_0_0,,WGBIE
OTB_SPF_32-69_0_0_all,,WGBIE
OTM_DEF_100-119_0_0_all,,WGBIE
OTM_SPF_32-69_0_0_all,,WGBIE
PS_SPF_0_0_0,,WGBIE
PTB_DEF_>=70_0_0,,WGBIE
PTB_MPD_>=55_0_0,,WGBIE
PTM_DEF_90-104_0_0,,WGBIE
SDN_DEF_>=120_0_0_all,,WGBIE
SDN_DEF_>=120_0_0_all_FDF,,WGBIE
SSC_DEF_>=120_0_0_all,,WGBIE
SSC_DEF_100-119_0_0_all,,WGBIE
TBB_CRU_16-31_0_0_all,,WGBIE
TBB_DEF_>=120_0_0_all,,WGBIE
TBB_DEF_100-119_0_0_all,,WGBIE
TBB_DEF_70-99_0_0_all,,WGBIE
C-Allgears,,WGCSE
FPO_CRU_0_0_0_all,,WGCSE
GNS_DEF_>=220_0_0_all,,WGCSE
GNS_DEF_>=220_0_0_all_FDF,,WGCSE
GNS_DEF_100-119_0_0_all,,WGCSE
GNS_DEF_100-119_0_0_all_FDF,,WGCSE
GNS_DEF_120-219_0_0_all,,WGCSE
GNS_DEF_120-219_0_0_all_FDF,,WGCSE
GNS_DEF_all_0_0_all,,WGCSE
GTR_DEF_all_0_0_all,,WGCSE
LLS_DEF_0_0_0,,WGCSE
LLS_FIF_0_0_0_all,,WGCSE
MIS_MIS_0_0_0_HC,,WGCSE
MIS_MIS_0_0_0_IBC,,WGCSE
OTB_CRU_100-119_0_0_all,,WGCSE
OTB_CRU_100-119_1_0_all,,WGCSE
OTB_CRU_32-69_0_0_all,,WGCSE
OTB_CRU_32-69_2_22_all,,WGCSE
OTB_CRU_70-89_2_35_all,,WGCSE
OTB_CRU_70-99_0_0_all,,WGCSE
OTB_CRU_70-99_1_0_all,,WGCSE
OTB_CRU_70-99_2_0_all,,WGCSE
OTB_CRU_90-119_0_0_all,,WGCSE
OTB_CRU_90-119_0_0_all_FDF,,WGCSE
OTB_DEF,,WGCSE
OTB_DEF_>=120_0_0_>=40,,WGCSE
OTB_DEF_>=120_0_0_all,,WGCSE
OTB_DEF_>=120_0_0_all_FDF,,WGCSE
OTB_DEF_100-119_0_0,,WGCSE
OTB_DEF_100-119_0_0_all,,WGCSE
OTB_DEF_70-99_0_0,,WGCSE
OTB_DEF_70-99_0_0_all,,WGCSE
OTB_DWS_>=120_0_0_all,,WGCSE
OTB_MOL_70-99_0_0_all,,WGCSE
OTB_SPF_32-69_0_0_all,,WGCSE
OTM_DEF_100-119_0_0_all,,WGCSE
PTM_DEF_100-119_0_0_all,,WGCSE
PTM_SPF_32-69_0_0_all,,WGCSE
SDN_DEF_>=120_0_0_all,,WGCSE
SDN_DEF_>=120_0_0_all_FDF,,WGCSE
SSC_DEF_>=120_0_0_all,,WGCSE
SSC_DEF_>=120_0_0_all_FDF,,WGCSE
SSC_DEF_100-119_0_0_all,,WGCSE
SSC_DEF_All_0_0_All,,WGCSE
TBB_CRU_16-31_0_0_all,,WGCSE
TBB_DEF_>=120_0_0_all,,WGCSE
TBB_DEF_70-99_0_0_all,,WGCSE
TBB_DEF_70-99_0_0_all_FDF,,WGCSE
GNS_DEF,,WGDEEP
GNS_DEF_>=100_0_0,,WGDEEP
GNS_DEF_>=220_0_0_all,,WGDEEP
GNS_DEF_60-79_0_0,,WGDEEP
GNS_DEF_80-99_0_0,,WGDEEP
LHM_DEF,,WGDEEP
LLS_DEF,,WGDEEP
LLS_DEF_0_0_0,,WGDEEP
LLS_DEF_0_0_0_all,,WGDEEP
LLS_DWS,,WGDEEP
MIS_MIS,,WGDEEP
MIS_MIS_0_0_0,,WGDEEP
MIS_MIS_0_0_0_HC,,WGDEEP
OTB,,WGDEEP
OTB_CRU,,WGDEEP
OTB_DEF,,WGDEEP
OTB_DEF_>=120_0_0_all,,WGDEEP
OTB_DEF_>=55_0_0,,WGDEEP
OTB_DWS,,WGDEEP
OTB_DWS_>=120_0_0_all,,WGDEEP
OTB-DEF,,WGDEEP
OTM_DEF,,WGDEEP
OTM_DWS,,WGDEEP
OTM_MPD,,WGDEEP
OTT-CRU,,WGDEEP
OTT-DEF,,WGDEEP
OTT-DWS,,WGDEEP
PS_SPF_0_0_0,,WGDEEP
PTB_MPD,,WGDEEP
SDN_DEF,,WGDEEP
SSC_DEF,,WGDEEP
PS_SPF_0_0_0,,WGHANSA
C-Allgears,,WGCSE
FPO_CRU_0_0_0_all,,WGCSE
FRATRB_IV,,WGCSE
GNS_DEF_>=220_0_0_all,,WGCSE
GNS_DEF_>=220_0_0_all_FDF,,WGCSE
GNS_DEF_100-119_0_0_all,,WGCSE
GNS_DEF_100-119_0_0_all_FDF,,WGCSE
GNS_DEF_120-219_0_0_all,,WGCSE
GNS_DEF_120-219_0_0_all_FDF,,WGCSE
GNS_DEF_all_0_0_all,,WGCSE
GTR_DEF_all_0_0_all,,WGCSE
LLS_FIF_0_0_0_all,,WGCSE
LLS_FIF_0_0_0_all_FDF,,WGCSE
MIS_MIS_0_0_0_HC,,WGCSE
MIS_MIS_0_0_0_HC_FDF,,WGCSE
MIS_MIS_0_0_0_IBC,,WGCSE
OTB_CRU_16-31_0_0_all,,WGCSE
OTB_CRU_32-69_0_0_all,,WGCSE
OTB_CRU_32-69_2_22_all,,WGCSE
OTB_CRU_70-89_2_35_all,,WGCSE
OTB_CRU_70-99_0_0_all,,WGCSE
OTB_CRU_70-99_0_0_all_FDF,,WGCSE
OTB_CRU_90-119_0_0_all,,WGCSE
OTB_CRU_90-119_0_0_all_FDF,,WGCSE
OTB_DEF,,WGCSE
OTB_DEF_>=120_0_0_all,,WGCSE
OTB_DEF_>=120_0_0_all_FDF,,WGCSE
OTB_DEF_100-119_0_0_all,,WGCSE
OTB_DEF_70-99_0_0_all,,WGCSE
OTB_DWS_>=120_0_0_all,,WGCSE
OTB_MOL_70-99_0_0_all,,WGCSE
OTB_SPF_32-69_0_0_all,,WGCSE
SDN_all_0_0_all,,WGCSE
SDN_DEF_>=120_0_0_all,,WGCSE
SDN_DEF_>=120_0_0_all_FDF,,WGCSE
SDN_DEF_70-99_0_0_all,,WGCSE
SSC_DEF_>=120_0_0_all,,WGCSE
SSC_DEF_100-119_0_0_all,,WGCSE
SSC_DEF_70-99_0_0_all,,WGCSE
TBB_CRU_16-31_0_0_all,,WGCSE
TBB_DEF_>=120_0_0_all,,WGCSE
TBB_DEF_100-119_0_0_all,,WGCSE
TBB_DEF_70-99_0_0_all,,WGCSE
All,All the fleets that capture the target species ,WGWIDE
ES-ALL                                                      ,Fleet for total Spanish mackerel fleet,WGWIDE
GNS_DEF,,WGWIDE
GNS_DEF_60-79_0_0,,WGWIDE
GNS_DEF_80-99_0_0,,WGWIDE
GNS_DEF_all_0_0_all,,WGWIDE
GTR_DEF_60-79_0_0,,WGWIDE
GTR_DEF_all_0_0_all,,WGWIDE
hernoss-fleet,,WGWIDE
HM-ALL                                                      ,,WGWIDE
Lines and Jigging,Fleet targeting Mackerel with lines and jigging,WGWIDE
Mackerel Discards,,WGWIDE
Mackerel Pelagic Trawl,Mackerel Single and Pair Midwater trawl fleet,WGWIDE
Mackerel Purse Seine,Mackerel Purse Seine fleet,WGWIDE
MIF                                                         ,,WGWIDE
MIS_MIS_0_0_0,,WGWIDE
MIS_MIS_0_0_0_HC,,WGWIDE
NI-PT                                                       ,,WGWIDE
NO-PS                                                       ,,WGWIDE
OTB,,WGWIDE
OTB_CRU_>=70_0_0,,WGWIDE
OTB_CRU_32-69_0_0_all,,WGWIDE
OTB_CRU_70-99_0_0_all,,WGWIDE
OTB_DEF,,WGWIDE
OTB_DEF_>=120_0_0_>=40,,WGWIDE
OTB_DEF_>=120_0_0_all,,WGWIDE
OTB_DEF_>=120_0_0_all_FDF,,WGWIDE
OTB_DEF_>=55_0_0,,WGWIDE
OTB_DEF_>=70_0_0,,WGWIDE
OTB_DEF_100-119_0_0,,WGWIDE
OTB_DEF_70-99_0_0,,WGWIDE
OTB_MCD_>=55_0_0,,WGWIDE
OTT-DEF,,WGWIDE
Pel Freezer Trawler,Pelagic Freezers targeting mackerel,WGWIDE
PS_SPF_0_0_0,,WGWIDE
PT-ALL                                                      ,Fleet for total Portuguese mackerel fleet,WGWIDE
PTB_DEF_>=70_0_0,,WGWIDE
PTB_MPD_>=55_0_0,,WGWIDE
PTM_DEF_90-104_0_0,,WGWIDE
SDN_DEF_70-99_0_0_all,,WGWIDE
TrawlPlus                                                   ,Bottom plus pelagic trawl  ,WGWIDE
All,All the fleets that capture the target species ,WGCEPH
FPO_CEP_0_0_,,WGCEPH
FPO_MOL_0_0,,WGCEPH
GNS_DEF_100-119_0_0_all,,WGCEPH
GTR_CEP_>=10_0_0,,WGCEPH
GTR_DEF_50-59_0_0,,WGCEPH
GTR_DEF_60-79_0_0,,WGCEPH
GTR_DEF_all_0_0_all,,WGCEPH
LLS_FIF_0_0_0_all,,WGCEPH
MIS_MIS_0_0_0,,WGCEPH
MIS_MIS_0_0_0_HC,,WGCEPH
OTB_CEP_>=70,,WGCEPH
OTB_CEP_100-119,,WGCEPH
OTB_CEP_32-69,,WGCEPH
OTB_CRU_>=70_0_0,,WGCEPH
OTB_CRU_100-119_0_0_all,,WGCEPH
OTB_CRU_100-119_1_0_all,,WGCEPH
OTB_CRU_16-31_0_0_all,,WGCEPH
OTB_CRU_32-69_0_0_all,,WGCEPH
OTB_CRU_32-69_2_22_all,,WGCEPH
OTB_CRU_70-89_2_35_all,,WGCEPH
OTB_CRU_70-99_0_0_all,,WGCEPH
OTB_CRU_70-99_0_0_all_FDF,,WGCEPH
OTB_CRU_70-99_1_0_all,,WGCEPH
OTB_CRU_70-99_2_0_all,,WGCEPH
OTB_DEF_>=120_0_0_all,,WGCEPH
OTB_DEF_32-69,,WGCEPH
OTB_DEF_32-69_0_0_all,,WGCEPH
OTB_DEF_>=55_0_0,,WGCEPH
OTB_DEF_>=70_0_0,,WGCEPH
OTB_DEF_100-119_0_0,,WGCEPH
OTB_DEF_70-99_0_0_all,,WGCEPH
OTB_MCD_>=55_0_0,,WGCEPH
OTB_MOL_70-99_0_0_all,,WGCEPH
OTB_SPF_16-31_0_0_all,,WGCEPH
OTB_SPF_32-69_0_0_all,,WGCEPH
OTM_DEF_100-119_0_0_all,,WGCEPH
OTM_MPD,,WGCEPH
OTM_SPF_32-69_0_0_all,,WGCEPH
OTT_CEP_>=70,,WGCEPH
OTT_DEF_>=70,,WGCEPH
OTT_DEF_100-119,,WGCEPH
PS_SPF_0_0_0,,WGCEPH
PTM_DEF_100-119_0_0_all,,WGCEPH
SDN_CEP_>=70,,WGCEPH
SSC_DEF_>=120_0_0_all,,WGCEPH
TBB_CRU_16-31_0_0_all,,WGCEPH
TBB_DEF_>=120_0_0_all,,WGCEPH
TBB_DEF_70-99_0_0_all,,WGCEPH
